-- MySQL Script generated by MySQL Workbench
-- Thu Sep 14 22:52:26 2017
-- Model: New Model    Version: 1.0
-- MySQL Workbench Forward Engineering

SET @OLD_UNIQUE_CHECKS=@@UNIQUE_CHECKS, UNIQUE_CHECKS=0;
SET @OLD_FOREIGN_KEY_CHECKS=@@FOREIGN_KEY_CHECKS, FOREIGN_KEY_CHECKS=0;
SET @OLD_SQL_MODE=@@SQL_MODE, SQL_MODE='TRADITIONAL,ALLOW_INVALID_DATES';

-- -----------------------------------------------------
-- Schema mydb
-- -----------------------------------------------------

-- -----------------------------------------------------
-- Schema mydb
-- -----------------------------------------------------
CREATE SCHEMA IF NOT EXISTS `mydb` DEFAULT CHARACTER SET utf8 ;
USE `mydb` ;

-- -----------------------------------------------------
-- Table `mydb`.`Shipping_Methods`
-- -----------------------------------------------------
DROP TABLE IF EXISTS `mydb`.`Shipping_Methods` ;

CREATE TABLE IF NOT EXISTS `mydb`.`Shipping_Methods` (
  `ShippingMethodID` INT NOT NULL,
  `ShippingMethod` VARCHAR(45) NULL,
  PRIMARY KEY (`ShippingMethodID`))
ENGINE = InnoDB;


-- -----------------------------------------------------
-- Table `mydb`.`Employees`
-- -----------------------------------------------------
DROP TABLE IF EXISTS `mydb`.`Employees` ;

CREATE TABLE IF NOT EXISTS `mydb`.`Employees` (
  `EmployeesID` INT NOT NULL,
  `FirstName` VARCHAR(45) NULL,
  `LastName` VARCHAR(45) NULL,
  `Title` VARCHAR(45) NULL,
  `WorkPhone` VARCHAR(45) NULL,
  PRIMARY KEY (`EmployeesID`))
ENGINE = InnoDB;


-- -----------------------------------------------------
-- Table `mydb`.`Customers`
-- -----------------------------------------------------
DROP TABLE IF EXISTS `mydb`.`Customers` ;

CREATE TABLE IF NOT EXISTS `mydb`.`Customers` (
  `CustomersID` INT NOT NULL,
  `CompanyName` VARCHAR(45) NULL,
  `ContactName` VARCHAR(45) NULL,
  `City` VARCHAR(45) NULL,
  `State` VARCHAR(45) NULL,
  `PostalCode` VARCHAR(45) NULL,
  `PhoneNumber` VARCHAR(45) NULL,
  PRIMARY KEY (`CustomersID`))
ENGINE = InnoDB;


-- -----------------------------------------------------
-- Table `mydb`.`Orders`
-- -----------------------------------------------------
DROP TABLE IF EXISTS `mydb`.`Orders` ;

CREATE TABLE IF NOT EXISTS `mydb`.`Orders` (
  `OrderID` INT NOT NULL,
  `ShippingMethodID` INT NOT NULL,
  `EmployeeID` INT NOT NULL,
  `CustomerID` INT NOT NULL,
  `OrderDate` DATE NULL,
  `Quatity` INT NULL,
  `UnitPrice` DECIMAL(9,2) NULL,
  `Discount` DECIMAL(1,2) NULL,
  `ShipDate` DATE NULL,
  PRIMARY KEY (`OrderID`),
  INDEX `EmployeeID_idx` (`EmployeeID` ASC),
  INDEX `ShippingMethodID_idx` (`ShippingMethodID` ASC),
  INDEX `CustomerID_idx` (`CustomerID` ASC),
  CONSTRAINT `ShippingMethodID`
    FOREIGN KEY (`ShippingMethodID`)
    REFERENCES `mydb`.`Shipping_Methods` (`ShippingMethodID`)
    ON DELETE NO ACTION
    ON UPDATE NO ACTION,
  CONSTRAINT `EmployeeID`
    FOREIGN KEY (`EmployeeID`)
    REFERENCES `mydb`.`Employees` (`EmployeesID`)
    ON DELETE NO ACTION
    ON UPDATE NO ACTION,
  CONSTRAINT `CustomerID`
    FOREIGN KEY (`CustomerID`)
    REFERENCES `mydb`.`Customers` (`CustomersID`)
    ON DELETE NO ACTION
    ON UPDATE NO ACTION)
ENGINE = InnoDB;


-- -----------------------------------------------------
-- Table `mydb`.`Brands`
-- -----------------------------------------------------
DROP TABLE IF EXISTS `mydb`.`Brands` ;

CREATE TABLE IF NOT EXISTS `mydb`.`Brands` (
  `BrandID` INT NOT NULL,
  `BrandDescription` VARCHAR(45) NULL,
  PRIMARY KEY (`BrandID`))
ENGINE = InnoDB;


-- -----------------------------------------------------
-- Table `mydb`.`Products`
-- -----------------------------------------------------
DROP TABLE IF EXISTS `mydb`.`Products` ;

CREATE TABLE IF NOT EXISTS `mydb`.`Products` (
  `ProductID` INT NOT NULL,
  `BrandID` INT NOT NULL,
  `ProductName` VARCHAR(45) NULL,
  PRIMARY KEY (`ProductID`),
  INDEX `BrandID_idx` (`BrandID` ASC),
  CONSTRAINT `BrandID`
    FOREIGN KEY (`BrandID`)
    REFERENCES `mydb`.`Brands` (`BrandID`)
    ON DELETE NO ACTION
    ON UPDATE NO ACTION)
ENGINE = InnoDB;


-- -----------------------------------------------------
-- Table `mydb`.`Order_Details`
-- -----------------------------------------------------
DROP TABLE IF EXISTS `mydb`.`Order_Details` ;

CREATE TABLE IF NOT EXISTS `mydb`.`Order_Details` (
  `OrderID` INT NOT NULL,
  `ProductID` INT NOT NULL,
  `OrderDetailsID` INT NOT NULL,
  `Quantity` INT NULL,
  `UnitPrice` DECIMAL(9,2) NULL,
  `Discount` DECIMAL(1,2) NULL,
  PRIMARY KEY (`OrderDetailsID`),
  CONSTRAINT `OrderID`
    FOREIGN KEY (`OrderID`)
    REFERENCES `mydb`.`Orders` (`OrderID`)
    ON DELETE NO ACTION
    ON UPDATE NO ACTION,
  CONSTRAINT `ProductID`
    FOREIGN KEY (`ProductID`)
    REFERENCES `mydb`.`Products` (`ProductID`)
    ON DELETE NO ACTION
    ON UPDATE NO ACTION)
ENGINE = InnoDB;


SET SQL_MODE=@OLD_SQL_MODE;
SET FOREIGN_KEY_CHECKS=@OLD_FOREIGN_KEY_CHECKS;
SET UNIQUE_CHECKS=@OLD_UNIQUE_CHECKS;

-- -----------------------------------------------------
-- Data for table `mydb`.`Shipping_Methods`
-- -----------------------------------------------------
START TRANSACTION;
USE `mydb`;
INSERT INTO `mydb`.`Shipping_Methods` (`ShippingMethodID`, `ShippingMethod`) VALUES (1, 'Regular Air');
INSERT INTO `mydb`.`Shipping_Methods` (`ShippingMethodID`, `ShippingMethod`) VALUES (2, 'Delivery Truck');

COMMIT;


-- -----------------------------------------------------
-- Data for table `mydb`.`Employees`
-- -----------------------------------------------------
START TRANSACTION;
USE `mydb`;
INSERT INTO `mydb`.`Employees` (`EmployeesID`, `FirstName`, `LastName`, `Title`, `WorkPhone`) VALUES (1, 'Juan', 'Perez', NULL, NULL);
INSERT INTO `mydb`.`Employees` (`EmployeesID`, `FirstName`, `LastName`, `Title`, `WorkPhone`) VALUES (2, 'Maria', 'Gonzales', NULL, NULL);

COMMIT;


-- -----------------------------------------------------
-- Data for table `mydb`.`Customers`
-- -----------------------------------------------------
START TRANSACTION;
USE `mydb`;
INSERT INTO `mydb`.`Customers` (`CustomersID`, `CompanyName`, `ContactName`, `City`, `State`, `PostalCode`, `PhoneNumber`) VALUES (111, 'Muhammed Maclntyre', NULL, NULL, NULL, NULL, NULL);
INSERT INTO `mydb`.`Customers` (`CustomersID`, `CompanyName`, `ContactName`, `City`, `State`, `PostalCode`, `PhoneNumber`) VALUES (222, 'Barry French', NULL, NULL, NULL, NULL, NULL);
INSERT INTO `mydb`.`Customers` (`CustomersID`, `CompanyName`, `ContactName`, `City`, `State`, `PostalCode`, `PhoneNumber`) VALUES (333, 'Clay Rozendal', NULL, NULL, NULL, NULL, NULL);

COMMIT;


-- -----------------------------------------------------
-- Data for table `mydb`.`Orders`
-- -----------------------------------------------------
START TRANSACTION;
USE `mydb`;
INSERT INTO `mydb`.`Orders` (`OrderID`, `ShippingMethodID`, `EmployeeID`, `CustomerID`, `OrderDate`, `Quatity`, `UnitPrice`, `Discount`, `ShipDate`) VALUES (3, 1, 1, 111, '13/10/2010', NULL, NULL, NULL, '20/10/2010');
INSERT INTO `mydb`.`Orders` (`OrderID`, `ShippingMethodID`, `EmployeeID`, `CustomerID`, `OrderDate`, `Quatity`, `UnitPrice`, `Discount`, `ShipDate`) VALUES (293, 2, 1, 222, '01/10/2012', NULL, NULL, NULL, '02/10/2012');
INSERT INTO `mydb`.`Orders` (`OrderID`, `ShippingMethodID`, `EmployeeID`, `CustomerID`, `OrderDate`, `Quatity`, `UnitPrice`, `Discount`, `ShipDate`) VALUES (483, 1, 2, 333, '10/07/2011', NULL, NULL, NULL, '12/07/2011');

COMMIT;


-- -----------------------------------------------------
-- Data for table `mydb`.`Brands`
-- -----------------------------------------------------
START TRANSACTION;
USE `mydb`;
INSERT INTO `mydb`.`Brands` (`BrandID`, `BrandDescription`) VALUES (1, 'Marca 1');
INSERT INTO `mydb`.`Brands` (`BrandID`, `BrandDescription`) VALUES (2, 'Marca 2');

COMMIT;


-- -----------------------------------------------------
-- Data for table `mydb`.`Products`
-- -----------------------------------------------------
START TRANSACTION;
USE `mydb`;
INSERT INTO `mydb`.`Products` (`ProductID`, `BrandID`, `ProductName`) VALUES (p1, 1, 'Eldon Base for stacable storage shelf, platium');
INSERT INTO `mydb`.`Products` (`ProductID`, `BrandID`, `ProductName`) VALUES (p2, 2, '1.7 Cubit Foot Compact \"Cube\" Office Refigerator');
INSERT INTO `mydb`.`Products` (`ProductID`, `BrandID`, `ProductName`) VALUES (p3, 2, 'Cardinal Slant-D® Ring Binder, Heavy GaugeVinyl');
INSERT INTO `mydb`.`Products` (`ProductID`, `BrandID`, `ProductName`) VALUES (p3, 1, 'R380');

COMMIT;


-- -----------------------------------------------------
-- Data for table `mydb`.`Order_Details`
-- -----------------------------------------------------
START TRANSACTION;
USE `mydb`;
INSERT INTO `mydb`.`Order_Details` (`OrderID`, `ProductID`, `OrderDetailsID`, `Quantity`, `UnitPrice`, `Discount`) VALUES (3, 1, 1, 10, 36,94, 0,04);
INSERT INTO `mydb`.`Order_Details` (`OrderID`, `ProductID`, `OrderDetailsID`, `Quantity`, `UnitPrice`, `Discount`) VALUES (293, 1, 1, 12, 208,16, 0,07);
INSERT INTO `mydb`.`Order_Details` (`OrderID`, `ProductID`, `OrderDetailsID`, `Quantity`, `UnitPrice`, `Discount`) VALUES (293, 3, 2, 14, 8,69, 0,01);
INSERT INTO `mydb`.`Order_Details` (`OrderID`, `ProductID`, `OrderDetailsID`, `Quantity`, `UnitPrice`, `Discount`) VALUES (483, 4, 1, 2, 195,99, 0,08);

COMMIT;

