<?xml version="1.0" encoding="UTF-8"?>
<project-private xmlns="http://www.netbeans.org/ns/project-private/1">
    <editor-bookmarks xmlns="http://www.netbeans.org/ns/editor-bookmarks/2" lastBookmarkId="0"/>
    <open-files xmlns="http://www.netbeans.org/ns/projectui-open-files/2">
        <group>
            <file>file:/C:/Users/Star%20Platinum/Desktop/Toda%20la%20mierda/ST0247032/proyecto/codigo/ProyectoFinal/src/proyectofinal/Main.java</file>
            <file>file:/C:/Users/Star%20Platinum/Desktop/Toda%20la%20mierda/ST0247032/proyecto/codigo/ProyectoFinal/src/proyectofinal/Reader.java</file>
            <file>file:/C:/Users/Star%20Platinum/Desktop/Toda%20la%20mierda/ST0247032/proyecto/codigo/ProyectoFinal/src/proyectofinal/Posicion.java</file>
            <file>file:/C:/Users/Star%20Platinum/Desktop/Toda%20la%20mierda/ST0247032/proyecto/codigo/ProyectoFinal/src/proyectofinal/Builder.java</file>
            <file>file:/C:/Users/Star%20Platinum/Desktop/Toda%20la%20mierda/ST0247032/proyecto/codigo/ProyectoFinal/src/proyectofinal/SalesMan.java</file>
        </group>
    </open-files>
</project-private>
